<?xml version="1.0" encoding ="utf-8"?>
<swc xmlns="http://www.adobe.com/flash/swccatalog/9">
  <versions>
    <swc version="1.2" />
    <flex version="4.6.0" build="23201" minimumSupportedVersion="3.0.0" />
  </versions>
  <features>
    <feature-script-deps />
    <feature-files />
  </features>
  <libraries>
    <library path="library.swf">
      <script name="_f2019d5ad800f69b0ad2b640889669ef5eb742462d714a237345002720a643d8_flash_display_Sprite" mod="1371579888841" signatureChecksum="3598612455" >
        <def id="_f2019d5ad800f69b0ad2b640889669ef5eb742462d714a237345002720a643d8_flash_display_Sprite" /> 
        <dep id="flash.system:Security" type="e" /> 
        <dep id="AS3" type="n" /> 
        <dep id="flash.display:Sprite" type="i" /> 
      </script>
      <script name="com/mangogames/apprating/AppRatingExtensionScript" mod="1371579867081" signatureChecksum="4091626526" >
        <def id="com.mangogames.apprating:AppRatingExtensionScript" /> 
        <dep id="trace" type="e" /> 
        <dep id="flash.external:ExtensionContext" type="e" /> 
        <dep id="Error" type="e" /> 
        <dep id="flash.external:ExtensionContext" type="s" /> 
        <dep id="AS3" type="n" /> 
        <dep id="Object" type="i" /> 
      </script>
      <digests>
        <digest type="SHA-256" signed="false" value="65f07bc5381be70af34daf43e5595c89d3eee31886b18d56913b263cd63c27ca"   />
      </digests>
    </library>
  </libraries>
  <files>
  </files>
</swc>
